record_type	group	parameter	value	unit	rank	discovered_by	structure_origin	kind	label	oligo_name	role	sequence	length	variant_count	gc_percent	concentration_nm	tm_mean_c	tm_min_c	tm_max_c	tm_owczarzy_mean_c	tm_owczarzy_min_c	tm_owczarzy_max_c	structure_found	dg_p3_kcal_mol	dg_vienna_kcal_mol	dg_rnastructure_kcal_mol	tm_rnastructure_c	dg_seqfold_kcal_mol	tm_seqfold_c	dg_rnastructure_state	tm_rnastructure_state	dg_seqfold_state	tm_seqfold_state	structure_tm_c	structure_tm_vienna_c	severity	site	assessment	n_combos	representative_variant	structure	thermo_model	engine_observations_json	pair_classes_json	geometry_diagnostics_json	derivation_lineage_json	ensemble_complete	ensemble_coverage_json	manifest_json
analysis_manifest	scientific_provenance																																														true	"{""allocated_contexts"":5,""engines"":{""LocalEnumerator"":{""hairpin"":{""evaluated"":2,""failed"":0,""supported"":true,""total"":2},""hetero_dimer"":{""evaluated"":1,""failed"":0,""supported"":true,""total"":1},""self_dimer"":{""evaluated"":2,""failed"":0,""supported"":true,""total"":2}},""Primer3"":{""hairpin"":{""evaluated"":2,""failed"":0,""supported"":true,""total"":2},""hetero_dimer"":{""evaluated"":1,""failed"":0,""supported"":true,""total"":1},""self_dimer"":{""evaluated"":2,""failed"":0,""supported"":true,""total"":2}},""RNAstructure"":{""hairpin"":{""evaluated"":2,""failed"":0,""supported"":true,""total"":2},""hetero_dimer"":{""evaluated"":1,""failed"":0,""supported"":true,""total"":1},""self_dimer"":{""evaluated"":2,""failed"":0,""supported"":true,""total"":2}},""ViennaRNA"":{""hairpin"":{""evaluated"":2,""failed"":0,""supported"":true,""total"":2},""hetero_dimer"":{""evaluated"":1,""failed"":0,""supported"":true,""total"":1},""self_dimer"":{""evaluated"":2,""failed"":0,""supported"":true,""total"":2}},""seqfold"":{""hairpin"":{""evaluated"":2,""failed"":0,""supported"":true,""total"":2},""hetero_dimer"":{""evaluated"":null,""failed"":null,""supported"":false,""total"":null},""self_dimer"":{""evaluated"":null,""failed"":null,""supported"":false,""total"":null}}},""ensemble_complete"":true,""evaluated_contexts"":5,""mode"":""budgeted_complete"",""total_contexts"":5}"	"{""analysis_id"":""96445321a60da62382bf848e207d25e6a50a013547fa16ba77576f0ace790a89"",""application_version"":""2.4.3"",""architecture"":""AMD64"",""build_date"":"""",""conditions"":{""assumed_free_mg_mM"":2.2,""dg_caution_kcal_mol"":-7.0,""dg_problem_kcal_mol"":-10.0,""dg_temp_c"":25.0,""dimer_max_consecutive_gaps"":0,""dimer_max_total_gaps"":0,""dntp_conc_mM"":0.8,""dv_conc_mM"":3.0,""effective_na_equivalent_M"":0.22798876369029591,""mv_conc_mM"":50.0,""near_duplicate_bond_difference"":4,""primer_conc_nM"":300.0,""probe_conc_nM"":150.0,""salt_clamping_applied"":false,""salt_formula_id"":""na_equiv_owczarzy_120_sqrt_free_mg_v1""},""degenerate_structure_scope"":""complete_concrete_variant_ensemble"",""dependency_lock_hash"":""c114818f5cd283de591e3240b9e0f51b71dc58dfc9f02e57862f99951f2141ca"",""dg_decision_resolution"":""0.1"",""diagnostics"":[],""engine_search_policies"":{""LocalEnumerator"":{""pool"":60},""Primer3"":{""limit"":1,""mode"":""selected structure per concrete context""},""RNAstructure"":{""maximum"":50},""ViennaRNA"":{""dimer_limit"":1,""dimer_mode"":""connected-complex MFE; Zuker cofold unsupported in 2.7.2"",""hairpin_mode"":""MFE plus deterministic unique Zuker structures"",""unique_geometry_limit"":50},""seqfold"":{""limit"":1,""mode"":""hairpin MFE""}},""engines"":{""Primer3"":{""core_version"":""2.6.1"",""dimer"":true,""hairpin"":true,""integration"":""in_process_python_extension"",""integrity_status"":""verified"",""mandatory"":true,""multiple_structures"":false,""p3helpers_filename"":""p3helpers.cp312-win_amd64.pyd"",""p3helpers_sha256"":""ded88c1484e00c7cf4dc6f1f833291a1607834007be8118d3c7806277c201332"",""severity_eligible"":true,""status"":""available"",""structure_tm_reported"":true,""target"":""cp312-windows-x86_64"",""thermoanalysis_filename"":""thermoanalysis.cp312-win_amd64.pyd"",""thermoanalysis_sha256"":""043c9bc96f139835a4dfb6febf359a165888d4932adbda8946eacf4b6893d5da"",""version"":""2.3.0""},""RNAstructure"":{""abi_tag"":""cp312-win_amd64"",""artifact_sha256"":""ac237b69ec7ffaa62e4bf00ef46f6568bc9fa6d335d0006a116d43b8e04bdd95"",""compatibility_patch"":""rnastructure_6_6_dna_temperature_tables_v2"",""compatibility_patch_policy"":""strict isolated 6.6 tables: migrate legacy terminal-A/T enthalpy 3.2 kcal/mol into helix_ends.dh plus remove the deprecated miscloop terminal-AU fields"",""dg_temperature_adjustable"":true,""dimer"":true,""dimer_tm_concentration_divisor"":4.0,""dimer_tm_concentration_source"":""self: oligo concentration; heterodimer: maximum of both oligo concentrations"",""dimer_tm_definition"":""Primer3-style concentration-adjusted fixed-geometry dimer Tm using C_T/4 and salt-corrected entropy"",""dimer_tm_formula_id"":""primer3_style_ct_over_4_v1"",""dimer_tm_gas_constant_cal_mol_k"":1.9872,""dimer_tm_salt_entropy_formula"":""0.368*(pair_count-1)*ln(Na_equiv_M)"",""dimer_tm_search_range_c"":[-50.0,100.0],""dimer_tm_symmetry_caveat"":""This selected hybrid policy always uses C_T/4; exact Primer3 can use divisor 1 for symmetric self-complementary duplexes."",""dimer_tm_symmetry_policy"":""fixed_ct_over_4_all_dimers"",""dna_table_manifest_sha256"":""539f148ff5392249161b2c27ffc10b627bf161ae88b58910c597f6c56c530d64"",""energy_output_resolution_kcal_mol"":0.1,""hairpin"":true,""hairpin_tm_definition"":""intrinsic fixed-geometry dG=0 crossing"",""hairpin_tm_search_range_c"":[0.0,100.0],""integration"":""in_process_native"",""integrity_status"":""verified"",""mandatory"":true,""multiple_structures"":true,""native_module_sha256"":""ac237b69ec7ffaa62e4bf00ef46f6568bc9fa6d335d0006a116d43b8e04bdd95"",""severity_eligible"":true,""source_manifest_sha256"":""6204e82a1b978ae21deabae2bf547b30f773a0a8616927726e5472838e0ad324"",""status"":""available"",""structure_tm_reported"":true,""target"":""cp312-windows-x86_64"",""temperature_unit"":""kelvin"",""thermo_method"":""fixed_geometry_inner_dh_ds"",""thermo_runtime_status"":""available"",""tm_tolerance_policy"":""propagated per structure from 0.1 kcal/mol G37/H bins; see observation bracket and numerical_tolerance_c"",""upstream_source_archive_sha256"":""4e30fa06f10a89556ad070c8d141fff6090165c330df786e19f9627df4407fd4"",""version"":""6.6""},""ViennaRNA"":{""dimer"":true,""hairpin"":true,""integration"":""in_process_python_binding"",""integrity_status"":""verified"",""mandatory"":true,""multiple_structures"":true,""native_binding_filename"":""_RNA.cp312-win_amd64.pyd"",""native_binding_sha256"":""f4527b33266412fbe23b1bc49ddb422693a5d81c3c784c69d8e2ba3d7642b7c2"",""severity_eligible"":true,""status"":""available"",""structure_tm_reported"":true,""target"":""cp312-windows-x86_64"",""version"":""2.7.2""},""seqfold"":{""artifact_sha256"":""d8f075bd6738b6d82baa5bee61b3b45bc05ad5d37d2687d9bd40c54d175cf91b"",""dimer"":false,""hairpin"":true,""integration"":""in_process_python"",""integrity_status"":""verified"",""mandatory"":true,""multiple_structures"":false,""native_core_sha256"":""5ab89fefa4f32eb9fb737f379e4d158fa985dee0797d31d136bebda4275c4434"",""python_source_manifest_sha256"":""a6652e0a9ff43e6c764290163c99679d8105f9d177cf3b0db628be00aa7bea2e"",""severity_eligible"":true,""status"":""available"",""structure_tm_reported"":true,""target"":""cp312-windows-x86_64"",""version"":""0.10.2""}},""ensemble_coverage"":{""allocated_contexts"":5,""engines"":{""LocalEnumerator"":{""hairpin"":{""evaluated"":2,""failed"":0,""supported"":true,""total"":2},""hetero_dimer"":{""evaluated"":1,""failed"":0,""supported"":true,""total"":1},""self_dimer"":{""evaluated"":2,""failed"":0,""supported"":true,""total"":2}},""Primer3"":{""hairpin"":{""evaluated"":2,""failed"":0,""supported"":true,""total"":2},""hetero_dimer"":{""evaluated"":1,""failed"":0,""supported"":true,""total"":1},""self_dimer"":{""evaluated"":2,""failed"":0,""supported"":true,""total"":2}},""RNAstructure"":{""hairpin"":{""evaluated"":2,""failed"":0,""supported"":true,""total"":2},""hetero_dimer"":{""evaluated"":1,""failed"":0,""supported"":true,""total"":1},""self_dimer"":{""evaluated"":2,""failed"":0,""supported"":true,""total"":2}},""ViennaRNA"":{""hairpin"":{""evaluated"":2,""failed"":0,""supported"":true,""total"":2},""hetero_dimer"":{""evaluated"":1,""failed"":0,""supported"":true,""total"":1},""self_dimer"":{""evaluated"":2,""failed"":0,""supported"":true,""total"":2}},""seqfold"":{""hairpin"":{""evaluated"":2,""failed"":0,""supported"":true,""total"":2},""hetero_dimer"":{""evaluated"":null,""failed"":null,""supported"":false,""total"":null},""self_dimer"":{""evaluated"":null,""failed"":null,""supported"":false,""total"":null}}},""ensemble_complete"":true,""evaluated_contexts"":5,""mode"":""budgeted_complete"",""total_contexts"":5},""ensemble_plan"":{""additional_contexts"":0,""allocated_contexts"":5,""baseline_contexts"":5,""by_kind"":{""hairpin"":{""additional"":0,""allocated"":2,""baseline"":2,""total"":2},""hetero_dimer"":{""additional"":0,""allocated"":1,""baseline"":1,""total"":1},""self_dimer"":{""additional"":0,""allocated"":2,""baseline"":2,""total"":2}},""configured_additional_budget"":500,""contexts"":[{""baseline"":true,""kind"":""hairpin"",""oligo_a"":0,""oligo_b"":null,""sequence_a"":""GCGCAAAAGCGC"",""sequence_b"":null,""variant_a"":0,""variant_b"":null},{""baseline"":true,""kind"":""hairpin"",""oligo_a"":1,""oligo_b"":null,""sequence_a"":""GCGCTTTTGCGC"",""sequence_b"":null,""variant_a"":0,""variant_b"":null},{""baseline"":true,""kind"":""self_dimer"",""oligo_a"":0,""oligo_b"":0,""sequence_a"":""GCGCAAAAGCGC"",""sequence_b"":""GCGCAAAAGCGC"",""variant_a"":0,""variant_b"":0},{""baseline"":true,""kind"":""self_dimer"",""oligo_a"":1,""oligo_b"":1,""sequence_a"":""GCGCTTTTGCGC"",""sequence_b"":""GCGCTTTTGCGC"",""variant_a"":0,""variant_b"":0},{""baseline"":true,""kind"":""hetero_dimer"",""oligo_a"":0,""oligo_b"":1,""sequence_a"":""GCGCAAAAGCGC"",""sequence_b"":""GCGCTTTTGCGC"",""variant_a"":0,""variant_b"":0}],""mode"":""budgeted_complete"",""total_contexts"":5},""enumeration_pool"":60,""final_union_truncated"":false,""geometry_policy"":{""backend_mismatch_wobble_retained"":true,""dimer_gap_visibility"":{""candidate_limit"":128,""candidate_limit_behavior"":""fail closed with typed scientific diagnostic; no partial candidate winner"",""derivation"":""replace a failing monotonic parent with a maximum-bond subset of complete maximal antiparallel stacked blocks"",""leading_trailing_padding_counted"":false,""maximum_consecutive_internal_gaps"":0,""maximum_total_internal_gaps"":0,""metric_ownership"":""changed geometry clears parent Primer3 metrics and all parent exact-geometry observations"",""minimum_retained_block_pairs"":2,""ordering"":""parent exact deduplication; derivation and exact rescoring; derived/final exact deduplication; positive-dG exclusion; near-duplicate suppression; ranking"",""policy"":""whole-stacked-block-subgeometry-v1"",""rescoring"":""derived geometry is exactly rescored by ViennaRNA and RNAstructure before positive-dG, near-duplicate, and ranking policies""},""hairpin_noncrossing_required"":true,""identity"":""kind + concrete ordered sequences + pair set; dimers permit strand-swap identity"",""near_duplicate_visibility"":{""bond_difference_exclusive_maximum"":4,""dimer_metric"":{""decision_resolution_kcal_mol"":""0.1"",""engines"":[""Primer3"",""ViennaRNA"",""RNAstructure""],""rule"":""retain lower minimum supported exact-geometry dG""},""distance"":""symmetric difference of canonical bonded base-pair identities"",""dominance"":""direct comparison against original post-positive-filter visible set; non-transitive and order-independent"",""equal_or_missing_metric"":""retain both"",""equal_strand_lengths_required"":true,""hairpin_metric"":{""decision_resolution_c"":""0.1"",""engines"":[""Primer3"",""ViennaRNA"",""RNAstructure"",""seqfold""],""rule"":""retain higher maximum validated exact-geometry Tm""},""logical_interaction_equal_metric"":""retain lower deterministic total-order peer"",""missing_metric"":""retain both"",""ranking"":""contiguous rerank after suppression"",""same_concrete_sequence_context_required"":""except in finalized budgeted-complete logical-interaction union"",""same_site_required"":true,""scope"":""concrete context by default; finalized budgeted-complete union compares variants only within one logical interaction"",""site_classes"":[""internal"",""3_prime_end""]},""positive_dg_exclusion"":{""dimer_engines"":[""Primer3"",""ViennaRNA"",""RNAstructure""],""hairpin_engines"":[""Primer3"",""ViennaRNA"",""RNAstructure"",""seqfold""],""rule"":""omit_if_nonempty_supported_finite_dg_values_are_all_positive""}},""max_sequence_length"":60,""max_variants"":256,""min_sequence_length"":5,""normalized_inputs"":[{""concentration_nM"":300.0,""input_order"":1,""name"":""F_demo"",""role"":""primer"",""sequence"":""GCGCAAAAGCGC"",""variant_count"":1},{""concentration_nM"":300.0,""input_order"":2,""name"":""R_demo"",""role"":""primer"",""sequence"":""GCGCTTTTGCGC"",""variant_count"":1}],""operating_system"":""Windows 10"",""primer3_core_version"":""2.6.1"",""primer3_py_version"":""2.3.0"",""python_version"":""3.12.14"",""release_artifact_hash"":"""",""salt_formula_id"":""na_equiv_owczarzy_120_sqrt_free_mg_v1"",""schema_version"":""7"",""scientific_policy_version"":""2026-09-08-context-retention-and-duplex-offsets-1"",""severity_policy"":{""dimer_dg_engines"":[""Primer3"",""ViennaRNA"",""RNAstructure""],""dimer_tm_severity"":false,""flagged_table_dg"":""lowest supported finite dG; bare two-decimal display"",""flagged_table_pair_count"":""canonical bonded nucleotide-pair count"",""flagged_table_tm"":""highest supported finite Tm; bare two-decimal display"",""gui_result_publication"":""complete mandatory-engine reports only"",""hairpin_dg_engines"":[""Primer3"",""ViennaRNA"",""RNAstructure"",""seqfold""],""hairpin_tm_engines"":[""Primer3"",""ViennaRNA"",""RNAstructure"",""seqfold""],""seven_pairs_without_tm"":""caution""},""source_commit"":"""",""source_tree_hash"":""3db991558714447ff35c6958e4eeb4cebd34d33c25d5215c99488bb7528418b8"",""tm_decision_resolution"":""0.1"",""variant_policy"":{""complete_cross_engine_variant_coverage"":true,""configured_additional_budget"":500,""mode"":""budgeted_complete"",""other_engines"":""all allocated concrete contexts; hairpins and self-dimers are allocated before heterodimers"",""primer3"":""all concrete variants evaluated; minimum-dG representative selected; calculated peers retained for every allocated context""},""vienna_parameter_set"":""DNA_Mathews2004"",""vienna_salt_applied"":true,""viennarna_version"":""2.7.2""}"
condition	reaction_conditions	mv_conc	50	mM																																													
condition	reaction_conditions	dv_conc	3	mM																																													
condition	reaction_conditions	dntp_conc	0.8	mM																																													
condition	reaction_conditions	primer_conc	300	nM																																													
condition	reaction_conditions	probe_conc	150	nM																																													
condition	reaction_conditions	dg_temp_c	25	C																																													
condition	reaction_conditions	dg_caution	-7	kcal/mol																																													
condition	reaction_conditions	dg_problem	-10	kcal/mol																																													
condition	reaction_conditions	near_duplicate_bond_difference	4	bonds																																													
condition	reaction_conditions	dimer_max_consecutive_gaps	0	bases																																													
condition	reaction_conditions	dimer_max_total_gaps	0	bases																																													
condition	reaction_conditions	assumed_free_mg	2.2	mM																																													
condition	reaction_conditions	effective_na_equivalent	0.227989	M																																													
condition	reaction_conditions	salt_formula_id	na_equiv_owczarzy_120_sqrt_free_mg_v1	policy																																													
condition	reaction_conditions	salt_clamping_applied	false	boolean																																													
tm	melting_temperatures								F_demo	F_demo	primer	GCGCAAAAGCGC	12	1	66.7	300	53.78	53.78	53.78	52.78	52.78	52.78																											
tm	melting_temperatures								R_demo	R_demo	primer	GCGCTTTTGCGC	12	1	66.7	300	53.78	53.78	53.78	52.78	52.78	52.78																											
structure	hairpins				1	ViennaRNA;RNAstructure;seqfold;LocalEnumerator	ViennaRNA;RNAstructure;seqfold;LocalEnumerator	Hairpin	Hairpin: F_demo #1			GCGCAAAAGCGC											yes		-4.77	-4.10	92.50	-6.50	76.89	available	available	available	available		76.72	problem	3' end	min dG -6.50 kcal/mol (seqfold); max Tm 92.50 C (RNAstructure); 4 paired bases - likely to interfere with PCR	1	GCGCAAAAGCGC	"////----\\\\
GCGCAAAAGCGC"	RNAstructure mfe	"[{""dg_kcal_mol"":-4.1,""dg_temperature_c"":25.0,""dh_kcal_mol"":-22.4,""ds_cal_mol_k"":-61.260680315976145,""energy_definition"":""RNAstructure in-process exact-geometry DNA dG"",""engine"":""RNAstructure"",""engine_version"":""6.6"",""geometry"":{""identity"":""('hairpin', 'GCGCAAAAGCGC', '', ((0, 11), (1, 10), (2, 9), (3, 8)))"",""kind"":""hairpin"",""pairs"":[[0,11],[1,10],[2,9],[3,8]],""sequence_a"":""GCGCAAAAGCGC"",""sequence_b"":null},""interaction_type"":""hairpin"",""provenance"":""{\""fixed_geometry_rescorer\"":{\""algorithm\"":\""CalculateFreeEnergy(simple=True)\"",\""passes\"":[\""G37\"",\""enthalpy-as-G\"",\""requested-temperature\""]},\""integration\"":\""in_process_native\"",\""native_identity\"":{\""abi_tag\"":\""cp312-win_amd64\"",\""compatibility_patch\"":\""rnastructure_6_6_dna_temperature_tables_v2\"",\""compiler\"":\""msvc\"",\""dna_table_manifest_sha256\"":\""539f148ff5392249161b2c27ffc10b627bf161ae88b58910c597f6c56c530d64\"",\""engine_version\"":\""6.6\"",\""integration\"":\""in_process_native\"",\""native_module_sha256\"":\""ac237b69ec7ffaa62e4bf00ef46f6568bc9fa6d335d0006a116d43b8e04bdd95\"",\""source_manifest_sha256\"":\""6204e82a1b978ae21deabae2bf547b30f773a0a8616927726e5472838e0ad324\"",\""target\"":\""cp312-windows-x86_64\"",\""upstream_source_archive_sha256\"":\""4e30fa06f10a89556ad070c8d141fff6090165c330df786e19f9627df4407fd4\"",\""upstream_source_manifest_sha256\"":\""481a55eed8a10d77bcf1e052a9ad6c528096101b740ff916314a92c34da65b5a\""},\""search\"":{\""algorithm\"":\""FoldSingleStrand\"",\""duplex_max_internal_loop\"":6,\""duplex_percent\"":40,\""duplex_window\"":0,\""hairpin_percent\"":10,\""maximum_structures\"":50,\""temperature_k\"":298.15}}"",""search_mode"":""mfe"",""status"":""ok"",""structure_scope"":""exact canonical CT geometry"",""structure_text"":"""",""thermo_path_identity"":""('hairpin', 'GCGCAAAAGCGC', '', ((0, 11), (1, 10), (2, 9), (3, 8)))"",""tm_bracket_c"":[91.39803664921465,93.61468253968252],""tm_c"":92.50052631578944,""tm_definition"":""intrinsic fixed-geometry dG=0 crossing"",""tm_method"":""rnastructure_fixed_geometry_inner_dh_ds"",""tm_numerical_tolerance_c"":1.1083229452339367,""tm_search_range_c"":[0.0,100.0],""tm_status"":""crossing_found"",""warning"":""reported dG is direct requested-temperature in-process fixed-geometry score at 0.1 kcal/mol engine resolution; native search energy=-4.1 kcal/mol""},{""dg_kcal_mol"":-6.5,""dg_temperature_c"":null,""dh_kcal_mol"":-44.69999999999997,""ds_cal_mol_k"":-127.6999999999999,""energy_definition"":""seqfold DNA single-strand MFE-like fold score at requested temperature"",""engine"":""seqfold"",""engine_version"":""0.10.2"",""geometry"":{""identity"":""('hairpin', 'GCGCAAAAGCGC', '', ((0, 11), (1, 10), (2, 9), (3, 8)))"",""kind"":""hairpin"",""pairs"":[[0,11],[1,10],[2,9],[3,8]],""sequence_a"":""GCGCAAAAGCGC"",""sequence_b"":null},""interaction_type"":""hairpin"",""provenance"":""seqfold Python API"",""search_mode"":""mfe"",""status"":""ok"",""structure_scope"":""one independently selected single-strand fold"",""structure_text"":""((((....))))"",""thermo_path_identity"":""{\""geometry\"":\""('hairpin', 'GCGCAAAAGCGC', '', ((0, 11), (1, 10), (2, 9), (3, 8)))\"",\""traceback\"":[[\""[(0, 11)]\"",\""STACK:GC/CG\""],[\""[(1, 10)]\"",\""STACK:CG/GC\""],[\""[(2, 9)]\"",\""STACK:GC/CG\""],[\""[(3, 8)]\"",\""HAIRPIN:CA/GA\""]]}"",""tm_bracket_c"":[76.88,76.89],""tm_c"":76.88915426781524,""tm_definition"":""intrinsic zero-dG crossing derived from selected-path source-model dH/dS; not seqfold's duplex/oligo tm()"",""tm_method"":""source_dh_ds_from_unrounded_dg_cache"",""tm_numerical_tolerance_c"":0.01,""tm_search_range_c"":[0.0,100.0],""tm_status"":""crossing_found"",""warning"":""seqfold has no salt/concentration or multi-structure enumeration interface; derived from seqfold source-model unrounded dg_cache; eligible for exact-geometry hairpin severity when the crossing is validated""}]"	"[""watson_crick"",""watson_crick"",""watson_crick"",""watson_crick""]"	"[""pair_class:watson_crick=4""]"	[]			
structure	hairpins				2	ViennaRNA	ViennaRNA	Hairpin	Hairpin: F_demo #2			GCGCAAAAGCGC											yes		-0.80					different_geometry	different_geometry	different_geometry	different_geometry		32.66	ok	internal	min dG -0.80 kcal/mol (ViennaRNA); max Tm 32.66 C (ViennaRNA); 2 paired bases - acceptable	1	GCGCAAAAGCGC	"//------\\--
GCGCAAAAGCGC"	ViennaRNA zuker	[]	"[""watson_crick"",""watson_crick""]"	"[""pair_class:watson_crick=2""]"	[]			
structure	hairpins				3	ViennaRNA	ViennaRNA	Hairpin	Hairpin: F_demo #3			GCGCAAAAGCGC											yes		-0.07					different_geometry	different_geometry	different_geometry	different_geometry		25.57	ok	3' end	min dG -0.07 kcal/mol (ViennaRNA); max Tm 25.57 C (ViennaRNA); 2 paired bases - acceptable	1	GCGCAAAAGCGC	"--//------\\
GCGCAAAAGCGC"	ViennaRNA zuker	[]	"[""watson_crick"",""watson_crick""]"	"[""pair_class:watson_crick=2""]"	[]			
structure	hairpins				1	Primer3;ViennaRNA;RNAstructure;seqfold;LocalEnumerator	Primer3;ViennaRNA;RNAstructure;seqfold;LocalEnumerator	Hairpin	Hairpin: R_demo #1			GCGCTTTTGCGC											yes	-5.41	-4.69	-5.20	81.15	-5.70	80.02	available	available	available	available	76.43	75.09	problem	3' end	min dG -5.70 kcal/mol (seqfold); max Tm 81.15 C (RNAstructure); 4 paired bases - likely to interfere with PCR	1	GCGCTTTTGCGC	"////----\\\\
GCGCTTTTGCGC"	LocalEnumerator geometry	"[{""dg_kcal_mol"":-5.2,""dg_temperature_c"":25.0,""dh_kcal_mol"":-32.9,""ds_cal_mol_k"":-92.85829437369014,""energy_definition"":""RNAstructure in-process exact-geometry DNA dG"",""engine"":""RNAstructure"",""engine_version"":""6.6"",""geometry"":{""identity"":""('hairpin', 'GCGCTTTTGCGC', '', ((0, 11), (1, 10), (2, 9), (3, 8)))"",""kind"":""hairpin"",""pairs"":[[0,11],[1,10],[2,9],[3,8]],""sequence_a"":""GCGCTTTTGCGC"",""sequence_b"":null},""interaction_type"":""hairpin"",""provenance"":""{\""fixed_geometry_rescorer\"":{\""algorithm\"":\""CalculateFreeEnergy(simple=True)\"",\""passes\"":[\""G37\"",\""enthalpy-as-G\"",\""requested-temperature\""]},\""integration\"":\""in_process_native\"",\""native_identity\"":{\""abi_tag\"":\""cp312-win_amd64\"",\""compatibility_patch\"":\""rnastructure_6_6_dna_temperature_tables_v2\"",\""compiler\"":\""msvc\"",\""dna_table_manifest_sha256\"":\""539f148ff5392249161b2c27ffc10b627bf161ae88b58910c597f6c56c530d64\"",\""engine_version\"":\""6.6\"",\""integration\"":\""in_process_native\"",\""native_module_sha256\"":\""ac237b69ec7ffaa62e4bf00ef46f6568bc9fa6d335d0006a116d43b8e04bdd95\"",\""source_manifest_sha256\"":\""6204e82a1b978ae21deabae2bf547b30f773a0a8616927726e5472838e0ad324\"",\""target\"":\""cp312-windows-x86_64\"",\""upstream_source_archive_sha256\"":\""4e30fa06f10a89556ad070c8d141fff6090165c330df786e19f9627df4407fd4\"",\""upstream_source_manifest_sha256\"":\""481a55eed8a10d77bcf1e052a9ad6c528096101b740ff916314a92c34da65b5a\""},\""search\"":{\""algorithm\"":\""FoldSingleStrand\"",\""duplex_max_internal_loop\"":6,\""duplex_percent\"":40,\""duplex_window\"":0,\""hairpin_percent\"":10,\""maximum_structures\"":50,\""temperature_k\"":298.15}}"",""search_mode"":""mfe"",""status"":""ok"",""structure_scope"":""exact canonical CT geometry"",""structure_text"":"""",""thermo_path_identity"":""('hairpin', 'GCGCTTTTGCGC', '', ((0, 11), (1, 10), (2, 9), (3, 8)))"",""tm_bracket_c"":[80.46392733564011,81.84747386759585],""tm_c"":81.15329861111115,""tm_definition"":""intrinsic fixed-geometry dG=0 crossing"",""tm_method"":""rnastructure_fixed_geometry_inner_dh_ds"",""tm_numerical_tolerance_c"":0.6917732659778721,""tm_search_range_c"":[0.0,100.0],""tm_status"":""crossing_found"",""warning"":""reported dG is direct requested-temperature in-process fixed-geometry score at 0.1 kcal/mol engine resolution; native search energy=-5.2 kcal/mol""},{""dg_kcal_mol"":-5.7,""dg_temperature_c"":null,""dh_kcal_mol"":-36.800000000000004,""ds_cal_mol_k"":-104.2,""energy_definition"":""seqfold DNA single-strand MFE-like fold score at requested temperature"",""engine"":""seqfold"",""engine_version"":""0.10.2"",""geometry"":{""identity"":""('hairpin', 'GCGCTTTTGCGC', '', ((0, 11), (1, 10), (2, 9), (3, 8)))"",""kind"":""hairpin"",""pairs"":[[0,11],[1,10],[2,9],[3,8]],""sequence_a"":""GCGCTTTTGCGC"",""sequence_b"":null},""interaction_type"":""hairpin"",""provenance"":""seqfold Python API"",""search_mode"":""mfe"",""status"":""ok"",""structure_scope"":""one independently selected single-strand fold"",""structure_text"":""((((....))))"",""thermo_path_identity"":""{\""geometry\"":\""('hairpin', 'GCGCTTTTGCGC', '', ((0, 11), (1, 10), (2, 9), (3, 8)))\"",\""traceback\"":[[\""[(0, 11)]\"",\""STACK:GC/CG\""],[\""[(1, 10)]\"",\""STACK:CG/GC\""],[\""[(2, 9)]\"",\""STACK:GC/CG\""],[\""[(3, 8)]\"",\""HAIRPIN:CT/GT\""]]}"",""tm_bracket_c"":[80.01,80.02000000000001],""tm_c"":80.01698656429947,""tm_definition"":""intrinsic zero-dG crossing derived from selected-path source-model dH/dS; not seqfold's duplex/oligo tm()"",""tm_method"":""source_dh_ds_from_unrounded_dg_cache"",""tm_numerical_tolerance_c"":0.01,""tm_search_range_c"":[0.0,100.0],""tm_status"":""crossing_found"",""warning"":""seqfold has no salt/concentration or multi-structure enumeration interface; derived from seqfold source-model unrounded dg_cache; eligible for exact-geometry hairpin severity when the crossing is validated""}]"	"[""watson_crick"",""watson_crick"",""watson_crick"",""watson_crick""]"	"[""pair_class:watson_crick=4""]"	[]			
structure	hairpins				2	ViennaRNA	ViennaRNA	Hairpin	Hairpin: R_demo #2			GCGCTTTTGCGC											yes		-0.66					different_geometry	different_geometry	different_geometry	different_geometry		38.63	ok	internal	min dG -0.66 kcal/mol (ViennaRNA); max Tm 38.63 C (ViennaRNA); 3 paired bases - acceptable	1	GCGCTTTTGCGC	"///----\\\--
GCGCTTTTGCGC"	ViennaRNA zuker	[]	"[""watson_crick"",""watson_crick"",""wobble""]"	"[""pair_class:watson_crick=2"",""pair_class:wobble=1""]"	[]			
structure	self_dimers				1	Primer3;ViennaRNA	Primer3;ViennaRNA	Self-dimer	Self-dimer: F_demo #1			GCGCAAAAGCGC											yes	-9.65	-1.17					different_geometry	different_geometry	unsupported	unsupported	24.71		caution	3' end	min dG -9.65 kcal/mol (Primer3) - monitor	1	GCGCAAAAGCGC	"5'-GCGCAAAAGCGC-3'
   ||||    ||||
3'-CGCGAAAACGCG-5'"	Primer3 selected structure	[]	"[""watson_crick"",""watson_crick"",""watson_crick"",""watson_crick"",""watson_crick"",""watson_crick"",""watson_crick"",""watson_crick""]"	"[""pair_class:watson_crick=8""]"	[]			
structure	self_dimers				2	RNAstructure;LocalEnumerator	RNAstructure;LocalEnumerator	Self-dimer	Self-dimer: F_demo #2			GCGCAAAAGCGC											yes		1.11	-9.40	20.07			available	available	unsupported	unsupported			caution	internal	min dG -9.40 kcal/mol (RNAstructure) - monitor	1	GCGCAAAAGCGC	"5'-        GCGCAAAAGCGC-3'
           ||||        
3'-CGCGAAAACGCG        -5'"	LocalEnumerator geometry	"[{""dg_kcal_mol"":-9.4,""dg_temperature_c"":25.0,""dh_kcal_mol"":-48.8,""ds_cal_mol_k"":-132.19409962921168,""energy_definition"":""RNAstructure in-process exact-geometry DNA dG"",""engine"":""RNAstructure"",""engine_version"":""6.6"",""geometry"":{""identity"":""('self-dimer', 'GCGCAAAAGCGC', 'GCGCAAAAGCGC', ((0, 3), (1, 2), (2, 1), (3, 0)))"",""kind"":""self-dimer"",""pairs"":[[0,3],[1,2],[2,1],[3,0]],""sequence_a"":""GCGCAAAAGCGC"",""sequence_b"":""GCGCAAAAGCGC""},""interaction_type"":""dimer"",""provenance"":""{\""fixed_geometry_rescorer\"":{\""algorithm\"":\""CalculateFreeEnergy(simple=True)\"",\""passes\"":[\""G37\"",\""enthalpy-as-G\"",\""requested-temperature\""]},\""integration\"":\""in_process_native\"",\""native_identity\"":{\""abi_tag\"":\""cp312-win_amd64\"",\""compatibility_patch\"":\""rnastructure_6_6_dna_temperature_tables_v2\"",\""compiler\"":\""msvc\"",\""dna_table_manifest_sha256\"":\""539f148ff5392249161b2c27ffc10b627bf161ae88b58910c597f6c56c530d64\"",\""engine_version\"":\""6.6\"",\""integration\"":\""in_process_native\"",\""native_module_sha256\"":\""ac237b69ec7ffaa62e4bf00ef46f6568bc9fa6d335d0006a116d43b8e04bdd95\"",\""source_manifest_sha256\"":\""6204e82a1b978ae21deabae2bf547b30f773a0a8616927726e5472838e0ad324\"",\""target\"":\""cp312-windows-x86_64\"",\""upstream_source_archive_sha256\"":\""4e30fa06f10a89556ad070c8d141fff6090165c330df786e19f9627df4407fd4\"",\""upstream_source_manifest_sha256\"":\""481a55eed8a10d77bcf1e052a9ad6c528096101b740ff916314a92c34da65b5a\""},\""search\"":{\""algorithm\"":\""bimol\"",\""duplex_max_internal_loop\"":6,\""duplex_percent\"":40,\""duplex_window\"":0,\""hairpin_percent\"":10,\""maximum_structures\"":50,\""temperature_k\"":298.15}}"",""search_mode"":""mfe"",""status"":""ok"",""structure_scope"":""exact canonical CT geometry"",""structure_text"":"""",""thermo_path_identity"":""('self-dimer', 'GCGCAAAAGCGC', 'GCGCAAAAGCGC', ((0, 3), (1, 2), (2, 1), (3, 0)))"",""tm_bracket_c"":[19.769672253266833,20.370533119427364],""tm_c"":20.070102686347127,""tm_definition"":""Primer3-style concentration-adjusted fixed-geometry dimer Tm"",""tm_method"":""rnastructure_primer3_style_dimer_tm"",""tm_numerical_tolerance_c"":0.3004304330802654,""tm_search_range_c"":[-50.0,100.0],""tm_status"":""crossing_found"",""warning"":""reported dG is direct requested-temperature in-process fixed-geometry score at 0.1 kcal/mol engine resolution; native search energy=-9.4 kcal/mol""}]"	"[""watson_crick"",""watson_crick"",""watson_crick"",""watson_crick""]"	"[""pair_class:watson_crick=4""]"	[]			
structure	self_dimers				3	RNAstructure;LocalEnumerator	RNAstructure;LocalEnumerator	Self-dimer	Self-dimer: F_demo #3			GCGCAAAAGCGC											yes		1.95	-8.40	13.66			available	available	unsupported	unsupported			caution	3' end	min dG -8.40 kcal/mol (RNAstructure) - monitor	1	GCGCAAAAGCGC	"5'-GCGCAAAAGCGC        -3'
           ||||        
3'-        CGCGAAAACGCG-5'"	LocalEnumerator geometry	"[{""dg_kcal_mol"":-8.4,""dg_temperature_c"":25.0,""dh_kcal_mol"":-42.0,""ds_cal_mol_k"":-112.20377236820894,""energy_definition"":""RNAstructure in-process exact-geometry DNA dG"",""engine"":""RNAstructure"",""engine_version"":""6.6"",""geometry"":{""identity"":""('self-dimer', 'GCGCAAAAGCGC', 'GCGCAAAAGCGC', ((8, 11), (9, 10), (10, 9), (11, 8)))"",""kind"":""self-dimer"",""pairs"":[[8,11],[9,10],[10,9],[11,8]],""sequence_a"":""GCGCAAAAGCGC"",""sequence_b"":""GCGCAAAAGCGC""},""interaction_type"":""dimer"",""provenance"":""{\""fixed_geometry_rescorer\"":{\""algorithm\"":\""CalculateFreeEnergy(simple=True)\"",\""passes\"":[\""G37\"",\""enthalpy-as-G\"",\""requested-temperature\""]},\""integration\"":\""in_process_native\"",\""native_identity\"":{\""abi_tag\"":\""cp312-win_amd64\"",\""compatibility_patch\"":\""rnastructure_6_6_dna_temperature_tables_v2\"",\""compiler\"":\""msvc\"",\""dna_table_manifest_sha256\"":\""539f148ff5392249161b2c27ffc10b627bf161ae88b58910c597f6c56c530d64\"",\""engine_version\"":\""6.6\"",\""integration\"":\""in_process_native\"",\""native_module_sha256\"":\""ac237b69ec7ffaa62e4bf00ef46f6568bc9fa6d335d0006a116d43b8e04bdd95\"",\""source_manifest_sha256\"":\""6204e82a1b978ae21deabae2bf547b30f773a0a8616927726e5472838e0ad324\"",\""target\"":\""cp312-windows-x86_64\"",\""upstream_source_archive_sha256\"":\""4e30fa06f10a89556ad070c8d141fff6090165c330df786e19f9627df4407fd4\"",\""upstream_source_manifest_sha256\"":\""481a55eed8a10d77bcf1e052a9ad6c528096101b740ff916314a92c34da65b5a\""},\""search\"":{\""algorithm\"":\""bimol\"",\""duplex_max_internal_loop\"":6,\""duplex_percent\"":40,\""duplex_window\"":0,\""hairpin_percent\"":10,\""maximum_structures\"":50,\""temperature_k\"":298.15}}"",""search_mode"":""suboptimal"",""status"":""ok"",""structure_scope"":""exact canonical CT geometry"",""structure_text"":"""",""thermo_path_identity"":""('self-dimer', 'GCGCAAAAGCGC', 'GCGCAAAAGCGC', ((8, 11), (9, 10), (10, 9), (11, 8)))"",""tm_bracket_c"":[13.320234426680656,14.003119371678736],""tm_c"":13.661676899179724,""tm_definition"":""Primer3-style concentration-adjusted fixed-geometry dimer Tm"",""tm_method"":""rnastructure_primer3_style_dimer_tm"",""tm_numerical_tolerance_c"":0.3414424724990397,""tm_search_range_c"":[-50.0,100.0],""tm_status"":""crossing_found"",""warning"":""RNAstructure fixed-geometry dG=0 crossing status: above_search_range; reported dG is direct requested-temperature in-process fixed-geometry score at 0.1 kcal/mol engine resolution; native search energy=-8.4 kcal/mol""}]"	"[""watson_crick"",""watson_crick"",""watson_crick"",""watson_crick""]"	"[""pair_class:watson_crick=4""]"	[]			
structure	self_dimers				4	RNAstructure;LocalEnumerator	RNAstructure;LocalEnumerator	Self-dimer	Self-dimer: F_demo #4			GCGCAAAAGCGC											yes		2.70	-8.00	9.83			available	available	unsupported	unsupported			caution	3' end	min dG -8.00 kcal/mol (RNAstructure) - monitor	1	GCGCAAAAGCGC	"5'-GCGCAAAAGCGC-3'
   ||||        
3'-CGCGAAAACGCG-5'"	LocalEnumerator geometry	"[{""dg_kcal_mol"":-8.0,""dg_temperature_c"":25.0,""dh_kcal_mol"":-40.8,""ds_cal_mol_k"":-109.94679993551506,""energy_definition"":""RNAstructure in-process exact-geometry DNA dG"",""engine"":""RNAstructure"",""engine_version"":""6.6"",""geometry"":{""identity"":""('self-dimer', 'GCGCAAAAGCGC', 'GCGCAAAAGCGC', ((0, 11), (1, 10), (2, 9), (3, 8)))"",""kind"":""self-dimer"",""pairs"":[[0,11],[1,10],[2,9],[3,8]],""sequence_a"":""GCGCAAAAGCGC"",""sequence_b"":""GCGCAAAAGCGC""},""interaction_type"":""dimer"",""provenance"":""{\""fixed_geometry_rescorer\"":{\""algorithm\"":\""CalculateFreeEnergy(simple=True)\"",\""passes\"":[\""G37\"",\""enthalpy-as-G\"",\""requested-temperature\""]},\""integration\"":\""in_process_native\"",\""native_identity\"":{\""abi_tag\"":\""cp312-win_amd64\"",\""compatibility_patch\"":\""rnastructure_6_6_dna_temperature_tables_v2\"",\""compiler\"":\""msvc\"",\""dna_table_manifest_sha256\"":\""539f148ff5392249161b2c27ffc10b627bf161ae88b58910c597f6c56c530d64\"",\""engine_version\"":\""6.6\"",\""integration\"":\""in_process_native\"",\""native_module_sha256\"":\""ac237b69ec7ffaa62e4bf00ef46f6568bc9fa6d335d0006a116d43b8e04bdd95\"",\""source_manifest_sha256\"":\""6204e82a1b978ae21deabae2bf547b30f773a0a8616927726e5472838e0ad324\"",\""target\"":\""cp312-windows-x86_64\"",\""upstream_source_archive_sha256\"":\""4e30fa06f10a89556ad070c8d141fff6090165c330df786e19f9627df4407fd4\"",\""upstream_source_manifest_sha256\"":\""481a55eed8a10d77bcf1e052a9ad6c528096101b740ff916314a92c34da65b5a\""},\""search\"":{\""algorithm\"":\""bimol\"",\""duplex_max_internal_loop\"":6,\""duplex_percent\"":40,\""duplex_window\"":0,\""hairpin_percent\"":10,\""maximum_structures\"":50,\""temperature_k\"":298.15}}"",""search_mode"":""suboptimal"",""status"":""ok"",""structure_scope"":""exact canonical CT geometry"",""structure_text"":"""",""thermo_path_identity"":""('self-dimer', 'GCGCAAAAGCGC', 'GCGCAAAAGCGC', ((0, 11), (1, 10), (2, 9), (3, 8)))"",""tm_bracket_c"":[9.481682953474206,10.175257635568528],""tm_c"":9.828470294521424,""tm_definition"":""Primer3-style concentration-adjusted fixed-geometry dimer Tm"",""tm_method"":""rnastructure_primer3_style_dimer_tm"",""tm_numerical_tolerance_c"":0.34678734104716114,""tm_search_range_c"":[-50.0,100.0],""tm_status"":""crossing_found"",""warning"":""reported dG is direct requested-temperature in-process fixed-geometry score at 0.1 kcal/mol engine resolution; native search energy=-7.7 kcal/mol""},{""dg_kcal_mol"":-8.0,""dg_temperature_c"":25.0,""dh_kcal_mol"":-40.8,""ds_cal_mol_k"":-109.94679993551506,""energy_definition"":""RNAstructure in-process exact-geometry DNA dG"",""engine"":""RNAstructure"",""engine_version"":""6.6"",""geometry"":{""identity"":""('self-dimer', 'GCGCAAAAGCGC', 'GCGCAAAAGCGC', ((0, 11), (1, 10), (2, 9), (3, 8)))"",""kind"":""self-dimer"",""pairs"":[[8,3],[9,2],[10,1],[11,0]],""sequence_a"":""GCGCAAAAGCGC"",""sequence_b"":""GCGCAAAAGCGC""},""interaction_type"":""dimer"",""provenance"":""{\""fixed_geometry_rescorer\"":{\""algorithm\"":\""CalculateFreeEnergy(simple=True)\"",\""passes\"":[\""G37\"",\""enthalpy-as-G\"",\""requested-temperature\""]},\""integration\"":\""in_process_native\"",\""native_identity\"":{\""abi_tag\"":\""cp312-win_amd64\"",\""compatibility_patch\"":\""rnastructure_6_6_dna_temperature_tables_v2\"",\""compiler\"":\""msvc\"",\""dna_table_manifest_sha256\"":\""539f148ff5392249161b2c27ffc10b627bf161ae88b58910c597f6c56c530d64\"",\""engine_version\"":\""6.6\"",\""integration\"":\""in_process_native\"",\""native_module_sha256\"":\""ac237b69ec7ffaa62e4bf00ef46f6568bc9fa6d335d0006a116d43b8e04bdd95\"",\""source_manifest_sha256\"":\""6204e82a1b978ae21deabae2bf547b30f773a0a8616927726e5472838e0ad324\"",\""target\"":\""cp312-windows-x86_64\"",\""upstream_source_archive_sha256\"":\""4e30fa06f10a89556ad070c8d141fff6090165c330df786e19f9627df4407fd4\"",\""upstream_source_manifest_sha256\"":\""481a55eed8a10d77bcf1e052a9ad6c528096101b740ff916314a92c34da65b5a\""},\""search\"":{\""algorithm\"":\""bimol\"",\""duplex_max_internal_loop\"":6,\""duplex_percent\"":40,\""duplex_window\"":0,\""hairpin_percent\"":10,\""maximum_structures\"":50,\""temperature_k\"":298.15}}"",""search_mode"":""suboptimal"",""status"":""ok"",""structure_scope"":""exact canonical CT geometry"",""structure_text"":"""",""thermo_path_identity"":""('self-dimer', 'GCGCAAAAGCGC', 'GCGCAAAAGCGC', ((0, 11), (1, 10), (2, 9), (3, 8)))"",""tm_bracket_c"":[9.481682953474206,10.175257635568528],""tm_c"":9.828470294521424,""tm_definition"":""Primer3-style concentration-adjusted fixed-geometry dimer Tm"",""tm_method"":""rnastructure_primer3_style_dimer_tm"",""tm_numerical_tolerance_c"":0.34678734104716114,""tm_search_range_c"":[-50.0,100.0],""tm_status"":""crossing_found"",""warning"":""reported dG is direct requested-temperature in-process fixed-geometry score at 0.1 kcal/mol engine resolution; native search energy=-7.7 kcal/mol""}]"	"[""watson_crick"",""watson_crick"",""watson_crick"",""watson_crick""]"	"[""pair_class:watson_crick=4""]"	[]			
structure	self_dimers				1	Primer3;ViennaRNA	Primer3;ViennaRNA	Self-dimer	Self-dimer: R_demo #1			GCGCTTTTGCGC											yes	-9.56	-1.17					different_geometry	different_geometry	unsupported	unsupported	24.33		caution	3' end	min dG -9.56 kcal/mol (Primer3) - monitor	1	GCGCTTTTGCGC	"5'-GCGCTTTTGCGC-3'
   ||||    ||||
3'-CGCGTTTTCGCG-5'"	Primer3 selected structure	[]	"[""watson_crick"",""watson_crick"",""watson_crick"",""watson_crick"",""watson_crick"",""watson_crick"",""watson_crick"",""watson_crick""]"	"[""pair_class:watson_crick=8""]"	[]			
structure	self_dimers				2	RNAstructure;LocalEnumerator	RNAstructure;LocalEnumerator	Self-dimer	Self-dimer: R_demo #2			GCGCTTTTGCGC											yes		1.95	-8.40	12.83			available	available	unsupported	unsupported			caution	3' end	min dG -8.40 kcal/mol (RNAstructure) - monitor	1	GCGCTTTTGCGC	"5'-GCGCTTTTGCGC        -3'
           ||||        
3'-        CGCGTTTTCGCG-5'"	LocalEnumerator geometry	"[{""dg_kcal_mol"":-8.4,""dg_temperature_c"":25.0,""dh_kcal_mol"":-42.8,""ds_cal_mol_k"":-115.42801870062874,""energy_definition"":""RNAstructure in-process exact-geometry DNA dG"",""engine"":""RNAstructure"",""engine_version"":""6.6"",""geometry"":{""identity"":""('self-dimer', 'GCGCTTTTGCGC', 'GCGCTTTTGCGC', ((8, 11), (9, 10), (10, 9), (11, 8)))"",""kind"":""self-dimer"",""pairs"":[[8,11],[9,10],[10,9],[11,8]],""sequence_a"":""GCGCTTTTGCGC"",""sequence_b"":""GCGCTTTTGCGC""},""interaction_type"":""dimer"",""provenance"":""{\""fixed_geometry_rescorer\"":{\""algorithm\"":\""CalculateFreeEnergy(simple=True)\"",\""passes\"":[\""G37\"",\""enthalpy-as-G\"",\""requested-temperature\""]},\""integration\"":\""in_process_native\"",\""native_identity\"":{\""abi_tag\"":\""cp312-win_amd64\"",\""compatibility_patch\"":\""rnastructure_6_6_dna_temperature_tables_v2\"",\""compiler\"":\""msvc\"",\""dna_table_manifest_sha256\"":\""539f148ff5392249161b2c27ffc10b627bf161ae88b58910c597f6c56c530d64\"",\""engine_version\"":\""6.6\"",\""integration\"":\""in_process_native\"",\""native_module_sha256\"":\""ac237b69ec7ffaa62e4bf00ef46f6568bc9fa6d335d0006a116d43b8e04bdd95\"",\""source_manifest_sha256\"":\""6204e82a1b978ae21deabae2bf547b30f773a0a8616927726e5472838e0ad324\"",\""target\"":\""cp312-windows-x86_64\"",\""upstream_source_archive_sha256\"":\""4e30fa06f10a89556ad070c8d141fff6090165c330df786e19f9627df4407fd4\"",\""upstream_source_manifest_sha256\"":\""481a55eed8a10d77bcf1e052a9ad6c528096101b740ff916314a92c34da65b5a\""},\""search\"":{\""algorithm\"":\""bimol\"",\""duplex_max_internal_loop\"":6,\""duplex_percent\"":40,\""duplex_window\"":0,\""hairpin_percent\"":10,\""maximum_structures\"":50,\""temperature_k\"":298.15}}"",""search_mode"":""mfe"",""status"":""ok"",""structure_scope"":""exact canonical CT geometry"",""structure_text"":"""",""thermo_path_identity"":""('self-dimer', 'GCGCTTTTGCGC', 'GCGCTTTTGCGC', ((8, 11), (9, 10), (10, 9), (11, 8)))"",""tm_bracket_c"":[12.494034263087144,13.162207442649901],""tm_c"":12.828120852868551,""tm_definition"":""Primer3-style concentration-adjusted fixed-geometry dimer Tm"",""tm_method"":""rnastructure_primer3_style_dimer_tm"",""tm_numerical_tolerance_c"":0.3340865897813785,""tm_search_range_c"":[-50.0,100.0],""tm_status"":""crossing_found"",""warning"":""reported dG is direct requested-temperature in-process fixed-geometry score at 0.1 kcal/mol engine resolution; native search energy=-8.4 kcal/mol""}]"	"[""watson_crick"",""watson_crick"",""watson_crick"",""watson_crick""]"	"[""pair_class:watson_crick=4""]"	[]			
structure	self_dimers				3	RNAstructure;LocalEnumerator	RNAstructure;LocalEnumerator	Self-dimer	Self-dimer: R_demo #3			GCGCTTTTGCGC											yes		1.85	-8.40	12.92			available	available	unsupported	unsupported			caution	internal	min dG -8.40 kcal/mol (RNAstructure) - monitor	1	GCGCTTTTGCGC	"5'-        GCGCTTTTGCGC-3'
           ||||        
3'-CGCGTTTTCGCG        -5'"	LocalEnumerator geometry	"[{""dg_kcal_mol"":-8.4,""dg_temperature_c"":25.0,""dh_kcal_mol"":-40.6,""ds_cal_mol_k"":-107.68982750282122,""energy_definition"":""RNAstructure in-process exact-geometry DNA dG"",""engine"":""RNAstructure"",""engine_version"":""6.6"",""geometry"":{""identity"":""('self-dimer', 'GCGCTTTTGCGC', 'GCGCTTTTGCGC', ((0, 3), (1, 2), (2, 1), (3, 0)))"",""kind"":""self-dimer"",""pairs"":[[0,3],[1,2],[2,1],[3,0]],""sequence_a"":""GCGCTTTTGCGC"",""sequence_b"":""GCGCTTTTGCGC""},""interaction_type"":""dimer"",""provenance"":""{\""fixed_geometry_rescorer\"":{\""algorithm\"":\""CalculateFreeEnergy(simple=True)\"",\""passes\"":[\""G37\"",\""enthalpy-as-G\"",\""requested-temperature\""]},\""integration\"":\""in_process_native\"",\""native_identity\"":{\""abi_tag\"":\""cp312-win_amd64\"",\""compatibility_patch\"":\""rnastructure_6_6_dna_temperature_tables_v2\"",\""compiler\"":\""msvc\"",\""dna_table_manifest_sha256\"":\""539f148ff5392249161b2c27ffc10b627bf161ae88b58910c597f6c56c530d64\"",\""engine_version\"":\""6.6\"",\""integration\"":\""in_process_native\"",\""native_module_sha256\"":\""ac237b69ec7ffaa62e4bf00ef46f6568bc9fa6d335d0006a116d43b8e04bdd95\"",\""source_manifest_sha256\"":\""6204e82a1b978ae21deabae2bf547b30f773a0a8616927726e5472838e0ad324\"",\""target\"":\""cp312-windows-x86_64\"",\""upstream_source_archive_sha256\"":\""4e30fa06f10a89556ad070c8d141fff6090165c330df786e19f9627df4407fd4\"",\""upstream_source_manifest_sha256\"":\""481a55eed8a10d77bcf1e052a9ad6c528096101b740ff916314a92c34da65b5a\""},\""search\"":{\""algorithm\"":\""bimol\"",\""duplex_max_internal_loop\"":6,\""duplex_percent\"":40,\""duplex_window\"":0,\""hairpin_percent\"":10,\""maximum_structures\"":50,\""temperature_k\"":298.15}}"",""search_mode"":""suboptimal"",""status"":""ok"",""structure_scope"":""exact canonical CT geometry"",""structure_text"":"""",""thermo_path_identity"":""('self-dimer', 'GCGCTTTTGCGC', 'GCGCTTTTGCGC', ((0, 3), (1, 2), (2, 1), (3, 0)))"",""tm_bracket_c"":[12.567088716902276,13.271693128041306],""tm_c"":12.919390922471791,""tm_definition"":""Primer3-style concentration-adjusted fixed-geometry dimer Tm"",""tm_method"":""rnastructure_primer3_style_dimer_tm"",""tm_numerical_tolerance_c"":0.3523022055695151,""tm_search_range_c"":[-50.0,100.0],""tm_status"":""crossing_found"",""warning"":""RNAstructure fixed-geometry dG=0 crossing status: above_search_range; reported dG is direct requested-temperature in-process fixed-geometry score at 0.1 kcal/mol engine resolution; native search energy=-8.4 kcal/mol""}]"	"[""watson_crick"",""watson_crick"",""watson_crick"",""watson_crick""]"	"[""pair_class:watson_crick=4""]"	[]			
structure	hetero_dimers				1	Primer3;ViennaRNA;RNAstructure;LocalEnumerator	Primer3;ViennaRNA;RNAstructure;LocalEnumerator	Hetero-dimer	Hetero-dimer: F_demo x R_demo #1			GCGCAAAAGCGC / GCGCTTTTGCGC											yes	-18.51	-10.40	-20.80	57.87			available	available	unsupported	unsupported	53.67		problem	3' end	min dG -20.80 kcal/mol (RNAstructure) - likely to interfere with PCR	1	GCGCAAAAGCGC / GCGCTTTTGCGC	"5'-GCGCAAAAGCGC-3'
   ||||||||||||
3'-CGCGTTTTCGCG-5'"	LocalEnumerator geometry	"[{""dg_kcal_mol"":-20.8,""dg_temperature_c"":25.0,""dh_kcal_mol"":-95.7,""ds_cal_mol_k"":-250.52394002901823,""energy_definition"":""RNAstructure in-process exact-geometry DNA dG"",""engine"":""RNAstructure"",""engine_version"":""6.6"",""geometry"":{""identity"":""('hetero-dimer', 'GCGCAAAAGCGC', 'GCGCTTTTGCGC', ((0, 11), (1, 10), (2, 9), (3, 8), (4, 7), (5, 6), (6, 5), (7, 4), (8, 3), (9, 2), (10, 1), (11, 0)))"",""kind"":""hetero-dimer"",""pairs"":[[0,11],[1,10],[2,9],[3,8],[4,7],[5,6],[6,5],[7,4],[8,3],[9,2],[10,1],[11,0]],""sequence_a"":""GCGCAAAAGCGC"",""sequence_b"":""GCGCTTTTGCGC""},""interaction_type"":""dimer"",""provenance"":""{\""fixed_geometry_rescorer\"":{\""algorithm\"":\""CalculateFreeEnergy(simple=True)\"",\""passes\"":[\""G37\"",\""enthalpy-as-G\"",\""requested-temperature\""]},\""integration\"":\""in_process_native\"",\""native_identity\"":{\""abi_tag\"":\""cp312-win_amd64\"",\""compatibility_patch\"":\""rnastructure_6_6_dna_temperature_tables_v2\"",\""compiler\"":\""msvc\"",\""dna_table_manifest_sha256\"":\""539f148ff5392249161b2c27ffc10b627bf161ae88b58910c597f6c56c530d64\"",\""engine_version\"":\""6.6\"",\""integration\"":\""in_process_native\"",\""native_module_sha256\"":\""ac237b69ec7ffaa62e4bf00ef46f6568bc9fa6d335d0006a116d43b8e04bdd95\"",\""source_manifest_sha256\"":\""6204e82a1b978ae21deabae2bf547b30f773a0a8616927726e5472838e0ad324\"",\""target\"":\""cp312-windows-x86_64\"",\""upstream_source_archive_sha256\"":\""4e30fa06f10a89556ad070c8d141fff6090165c330df786e19f9627df4407fd4\"",\""upstream_source_manifest_sha256\"":\""481a55eed8a10d77bcf1e052a9ad6c528096101b740ff916314a92c34da65b5a\""},\""search\"":{\""algorithm\"":\""bimol\"",\""duplex_max_internal_loop\"":6,\""duplex_percent\"":40,\""duplex_window\"":0,\""hairpin_percent\"":10,\""maximum_structures\"":50,\""temperature_k\"":298.15}}"",""search_mode"":""mfe"",""status"":""ok"",""structure_scope"":""exact canonical CT geometry"",""structure_text"":"""",""thermo_path_identity"":""('hetero-dimer', 'GCGCAAAAGCGC', 'GCGCTTTTGCGC', ((0, 11), (1, 10), (2, 9), (3, 8), (4, 7), (5, 6), (6, 5), (7, 4), (8, 3), (9, 2), (10, 1), (11, 0)))"",""tm_bracket_c"":[57.66953340022212,58.06196238298122],""tm_c"":57.865529067212776,""tm_definition"":""Primer3-style concentration-adjusted fixed-geometry dimer Tm"",""tm_method"":""rnastructure_primer3_style_dimer_tm"",""tm_numerical_tolerance_c"":0.19621449137954983,""tm_search_range_c"":[-50.0,100.0],""tm_status"":""crossing_found"",""warning"":""RNAstructure fixed-geometry dG=0 crossing status: above_search_range; reported dG is direct requested-temperature in-process fixed-geometry score at 0.1 kcal/mol engine resolution; native search energy=-20.8 kcal/mol""}]"	"[""watson_crick"",""watson_crick"",""watson_crick"",""watson_crick"",""watson_crick"",""watson_crick"",""watson_crick"",""watson_crick"",""watson_crick"",""watson_crick"",""watson_crick"",""watson_crick""]"	"[""pair_class:watson_crick=12""]"	[]			
structure	hetero_dimers				2		Gap-policy derived	Hetero-dimer	Hetero-dimer: F_demo x R_demo #2			GCGCAAAAGCGC / GCGCTTTTGCGC											yes		-1.56	-12.00	31.88			available	available	unsupported	unsupported			problem	3' end	min dG -12.00 kcal/mol (RNAstructure) - likely to interfere with PCR	1	GCGCAAAAGCGC / GCGCTTTTGCGC	"5'-GCGCAAAAGCGC-3'
   ||||||||    
3'-CGCGTTTTCGCG-5'"	Policy-constrained exact dimer subgeometry	"[{""dg_kcal_mol"":-12.0,""dg_temperature_c"":25.0,""dh_kcal_mol"":-59.1,""ds_cal_mol_k"":-157.3432210220861,""energy_definition"":""RNAstructure in-process exact-geometry DNA dG"",""engine"":""RNAstructure"",""engine_version"":""6.6"",""geometry"":{""identity"":""('hetero-dimer', 'GCGCAAAAGCGC', 'GCGCTTTTGCGC', ((0, 11), (1, 10), (2, 9), (3, 8), (4, 7), (5, 6), (6, 5), (7, 4)))"",""kind"":""hetero-dimer"",""pairs"":[[0,11],[1,10],[2,9],[3,8],[4,7],[5,6],[6,5],[7,4]],""sequence_a"":""GCGCAAAAGCGC"",""sequence_b"":""GCGCTTTTGCGC""},""interaction_type"":""dimer"",""provenance"":""{\""fixed_geometry_rescorer\"":{\""algorithm\"":\""CalculateFreeEnergy(simple=True)\"",\""passes\"":[\""G37\"",\""enthalpy-as-G\"",\""requested-temperature\""]},\""integration\"":\""in_process_native\"",\""native_identity\"":{\""abi_tag\"":\""cp312-win_amd64\"",\""compatibility_patch\"":\""rnastructure_6_6_dna_temperature_tables_v2\"",\""compiler\"":\""msvc\"",\""dna_table_manifest_sha256\"":\""539f148ff5392249161b2c27ffc10b627bf161ae88b58910c597f6c56c530d64\"",\""engine_version\"":\""6.6\"",\""integration\"":\""in_process_native\"",\""native_module_sha256\"":\""ac237b69ec7ffaa62e4bf00ef46f6568bc9fa6d335d0006a116d43b8e04bdd95\"",\""source_manifest_sha256\"":\""6204e82a1b978ae21deabae2bf547b30f773a0a8616927726e5472838e0ad324\"",\""target\"":\""cp312-windows-x86_64\"",\""upstream_source_archive_sha256\"":\""4e30fa06f10a89556ad070c8d141fff6090165c330df786e19f9627df4407fd4\"",\""upstream_source_manifest_sha256\"":\""481a55eed8a10d77bcf1e052a9ad6c528096101b740ff916314a92c34da65b5a\""},\""search\"":{\""algorithm\"":\""policy_constrained_subgeometry\"",\""temperature_k\"":298.15}}"",""search_mode"":""policy_derived_fixed_geometry"",""status"":""ok"",""structure_scope"":""exact canonical CT geometry"",""structure_text"":"""",""thermo_path_identity"":""('hetero-dimer', 'GCGCAAAAGCGC', 'GCGCTTTTGCGC', ((0, 11), (1, 10), (2, 9), (3, 8), (4, 7), (5, 6), (6, 5), (7, 4)))"",""tm_bracket_c"":[31.61901408553433,32.13513434647513],""tm_c"":31.877074216004758,""tm_definition"":""Primer3-style concentration-adjusted fixed-geometry dimer Tm"",""tm_method"":""rnastructure_primer3_style_dimer_tm"",""tm_numerical_tolerance_c"":0.25806013047039755,""tm_search_range_c"":[-50.0,100.0],""tm_status"":""crossing_found"",""warning"":""RNAstructure fixed-geometry dG=0 crossing status: above_search_range; reported dG is direct requested-temperature in-process fixed-geometry score at 0.1 kcal/mol engine resolution""}]"	"[""watson_crick"",""watson_crick"",""watson_crick"",""watson_crick"",""watson_crick"",""watson_crick"",""watson_crick"",""watson_crick""]"	"[""pair_class:watson_crick=8""]"	"[{""after_profile"":{""longest_run"":0,""total"":0},""before_profile"":{""longest_run"":2,""total"":2},""parent_identity"":[""hetero-dimer"",""GCGCAAAAGCGC"",""GCGCTTTTGCGC"",[[0,11],[1,10],[2,9],[3,8],[4,7],[5,6],[6,5],[7,4],[10,3],[11,2]]],""parent_sources"":[""RNAstructure""],""policy"":""whole-stacked-block-subgeometry-v1"",""removed_pairs"":[[10,3],[11,2]]},{""after_profile"":{""longest_run"":0,""total"":0},""before_profile"":{""longest_run"":2,""total"":2},""parent_identity"":[""hetero-dimer"",""GCGCAAAAGCGC"",""GCGCTTTTGCGC"",[[0,11],[1,10],[2,9],[3,8],[4,7],[5,6],[6,5],[7,4],[8,1],[9,0]]],""parent_sources"":[""RNAstructure""],""policy"":""whole-stacked-block-subgeometry-v1"",""removed_pairs"":[[8,1],[9,0]]}]"			
structure	hetero_dimers				3		Gap-policy derived	Hetero-dimer	Hetero-dimer: F_demo x R_demo #3			GCGCAAAAGCGC / GCGCTTTTGCGC											yes		-1.23	-12.00	31.13			available	available	unsupported	unsupported			problem	3' end	min dG -12.00 kcal/mol (RNAstructure) - likely to interfere with PCR	1	GCGCAAAAGCGC / GCGCTTTTGCGC	"5'-GCGCAAAAGCGC-3'
       ||||||||
3'-CGCGTTTTCGCG-5'"	Policy-constrained exact dimer subgeometry	"[{""dg_kcal_mol"":-12.0,""dg_temperature_c"":25.0,""dh_kcal_mol"":-61.8,""ds_cal_mol_k"":-166.6935353861035,""energy_definition"":""RNAstructure in-process exact-geometry DNA dG"",""engine"":""RNAstructure"",""engine_version"":""6.6"",""geometry"":{""identity"":""('hetero-dimer', 'GCGCAAAAGCGC', 'GCGCTTTTGCGC', ((4, 7), (5, 6), (6, 5), (7, 4), (8, 3), (9, 2), (10, 1), (11, 0)))"",""kind"":""hetero-dimer"",""pairs"":[[4,7],[5,6],[6,5],[7,4],[8,3],[9,2],[10,1],[11,0]],""sequence_a"":""GCGCAAAAGCGC"",""sequence_b"":""GCGCTTTTGCGC""},""interaction_type"":""dimer"",""provenance"":""{\""fixed_geometry_rescorer\"":{\""algorithm\"":\""CalculateFreeEnergy(simple=True)\"",\""passes\"":[\""G37\"",\""enthalpy-as-G\"",\""requested-temperature\""]},\""integration\"":\""in_process_native\"",\""native_identity\"":{\""abi_tag\"":\""cp312-win_amd64\"",\""compatibility_patch\"":\""rnastructure_6_6_dna_temperature_tables_v2\"",\""compiler\"":\""msvc\"",\""dna_table_manifest_sha256\"":\""539f148ff5392249161b2c27ffc10b627bf161ae88b58910c597f6c56c530d64\"",\""engine_version\"":\""6.6\"",\""integration\"":\""in_process_native\"",\""native_module_sha256\"":\""ac237b69ec7ffaa62e4bf00ef46f6568bc9fa6d335d0006a116d43b8e04bdd95\"",\""source_manifest_sha256\"":\""6204e82a1b978ae21deabae2bf547b30f773a0a8616927726e5472838e0ad324\"",\""target\"":\""cp312-windows-x86_64\"",\""upstream_source_archive_sha256\"":\""4e30fa06f10a89556ad070c8d141fff6090165c330df786e19f9627df4407fd4\"",\""upstream_source_manifest_sha256\"":\""481a55eed8a10d77bcf1e052a9ad6c528096101b740ff916314a92c34da65b5a\""},\""search\"":{\""algorithm\"":\""policy_constrained_subgeometry\"",\""temperature_k\"":298.15}}"",""search_mode"":""policy_derived_fixed_geometry"",""status"":""ok"",""structure_scope"":""exact canonical CT geometry"",""structure_text"":"""",""thermo_path_identity"":""('hetero-dimer', 'GCGCAAAAGCGC', 'GCGCTTTTGCGC', ((4, 7), (5, 6), (6, 5), (7, 4), (8, 3), (9, 2), (10, 1), (11, 0)))"",""tm_bracket_c"":[30.88202033020002,31.374379877293507],""tm_c"":31.128200103746792,""tm_definition"":""Primer3-style concentration-adjusted fixed-geometry dimer Tm"",""tm_method"":""rnastructure_primer3_style_dimer_tm"",""tm_numerical_tolerance_c"":0.2461797735467428,""tm_search_range_c"":[-50.0,100.0],""tm_status"":""crossing_found"",""warning"":""reported dG is direct requested-temperature in-process fixed-geometry score at 0.1 kcal/mol engine resolution""}]"	"[""watson_crick"",""watson_crick"",""watson_crick"",""watson_crick"",""watson_crick"",""watson_crick"",""watson_crick"",""watson_crick""]"	"[""pair_class:watson_crick=8""]"	"[{""after_profile"":{""longest_run"":0,""total"":0},""before_profile"":{""longest_run"":2,""total"":2},""parent_identity"":[""hetero-dimer"",""GCGCAAAAGCGC"",""GCGCTTTTGCGC"",[[0,9],[1,8],[4,7],[5,6],[6,5],[7,4],[8,3],[9,2],[10,1],[11,0]]],""parent_sources"":[""RNAstructure""],""policy"":""whole-stacked-block-subgeometry-v1"",""removed_pairs"":[[0,9],[1,8]]}]"			
structure	hetero_dimers				4		Gap-policy derived	Hetero-dimer	Hetero-dimer: F_demo x R_demo #4			GCGCAAAAGCGC / GCGCTTTTGCGC											yes		0.65	-10.30	22.68			available	available	unsupported	unsupported			problem	3' end	min dG -10.30 kcal/mol (RNAstructure) - likely to interfere with PCR	1	GCGCAAAAGCGC / GCGCTTTTGCGC	"5'-GCGCAAAAGCGC-3'
   ||||    ||||
3'-CGCGTTTTCGCG-5'"	Policy-constrained exact dimer subgeometry	"[{""dg_kcal_mol"":-10.3,""dg_temperature_c"":25.0,""dh_kcal_mol"":-68.0,""ds_cal_mol_k"":-193.45477994518782,""energy_definition"":""RNAstructure in-process exact-geometry DNA dG"",""engine"":""RNAstructure"",""engine_version"":""6.6"",""geometry"":{""identity"":""('hetero-dimer', 'GCGCAAAAGCGC', 'GCGCTTTTGCGC', ((0, 11), (1, 10), (2, 9), (3, 8), (8, 3), (9, 2), (10, 1), (11, 0)))"",""kind"":""hetero-dimer"",""pairs"":[[0,11],[1,10],[2,9],[3,8],[8,3],[9,2],[10,1],[11,0]],""sequence_a"":""GCGCAAAAGCGC"",""sequence_b"":""GCGCTTTTGCGC""},""interaction_type"":""dimer"",""provenance"":""{\""fixed_geometry_rescorer\"":{\""algorithm\"":\""CalculateFreeEnergy(simple=True)\"",\""passes\"":[\""G37\"",\""enthalpy-as-G\"",\""requested-temperature\""]},\""integration\"":\""in_process_native\"",\""native_identity\"":{\""abi_tag\"":\""cp312-win_amd64\"",\""compatibility_patch\"":\""rnastructure_6_6_dna_temperature_tables_v2\"",\""compiler\"":\""msvc\"",\""dna_table_manifest_sha256\"":\""539f148ff5392249161b2c27ffc10b627bf161ae88b58910c597f6c56c530d64\"",\""engine_version\"":\""6.6\"",\""integration\"":\""in_process_native\"",\""native_module_sha256\"":\""ac237b69ec7ffaa62e4bf00ef46f6568bc9fa6d335d0006a116d43b8e04bdd95\"",\""source_manifest_sha256\"":\""6204e82a1b978ae21deabae2bf547b30f773a0a8616927726e5472838e0ad324\"",\""target\"":\""cp312-windows-x86_64\"",\""upstream_source_archive_sha256\"":\""4e30fa06f10a89556ad070c8d141fff6090165c330df786e19f9627df4407fd4\"",\""upstream_source_manifest_sha256\"":\""481a55eed8a10d77bcf1e052a9ad6c528096101b740ff916314a92c34da65b5a\""},\""search\"":{\""algorithm\"":\""policy_constrained_subgeometry\"",\""temperature_k\"":298.15}}"",""search_mode"":""policy_derived_fixed_geometry"",""status"":""ok"",""structure_scope"":""exact canonical CT geometry"",""structure_text"":"""",""thermo_path_identity"":""('hetero-dimer', 'GCGCAAAAGCGC', 'GCGCTTTTGCGC', ((0, 11), (1, 10), (2, 9), (3, 8), (8, 3), (9, 2), (10, 1), (11, 0)))"",""tm_bracket_c"":[22.45848260376755,22.893520841595034],""tm_c"":22.676001722681292,""tm_definition"":""Primer3-style concentration-adjusted fixed-geometry dimer Tm"",""tm_method"":""rnastructure_primer3_style_dimer_tm"",""tm_numerical_tolerance_c"":0.2175191189137422,""tm_search_range_c"":[-50.0,100.0],""tm_status"":""crossing_found"",""warning"":""reported dG is direct requested-temperature in-process fixed-geometry score at 0.1 kcal/mol engine resolution""}]"	"[""watson_crick"",""watson_crick"",""watson_crick"",""watson_crick"",""watson_crick"",""watson_crick"",""watson_crick"",""watson_crick""]"	"[""pair_class:watson_crick=8""]"	"[{""after_profile"":{""longest_run"":0,""total"":0},""before_profile"":{""longest_run"":1,""total"":2},""parent_identity"":[""hetero-dimer"",""GCGCAAAAGCGC"",""GCGCTTTTGCGC"",[[0,11],[1,10],[2,9],[3,8],[4,6],[5,5],[6,4],[8,3],[9,2],[10,1],[11,0]]],""parent_sources"":[""RNAstructure""],""policy"":""whole-stacked-block-subgeometry-v1"",""removed_pairs"":[[4,6],[5,5],[6,4]]},{""after_profile"":{""longest_run"":0,""total"":0},""before_profile"":{""longest_run"":1,""total"":2},""parent_identity"":[""hetero-dimer"",""GCGCAAAAGCGC"",""GCGCTTTTGCGC"",[[0,11],[1,10],[2,9],[3,8],[5,7],[6,6],[7,5],[8,3],[9,2],[10,1],[11,0]]],""parent_sources"":[""RNAstructure""],""policy"":""whole-stacked-block-subgeometry-v1"",""removed_pairs"":[[5,7],[6,6],[7,5]]}]"			
